datetime,capital,position_value,equity
2020-07-13,1000000.0,0.0,1000000.0
2020-07-14,1000000.0,0.0,1000000.0
2020-07-15,1000000.0,0.0,1000000.0
2020-07-16,1000000.0,0.0,1000000.0
2020-07-17,1000000.0,0.0,1000000.0
2020-07-20,1000000.0,0.0,1000000.0
2020-07-21,1000000.0,0.0,1000000.0
2020-07-22,1000000.0,0.0,1000000.0
2020-07-23,1000000.0,0.0,1000000.0
2020-07-24,1000000.0,0.0,1000000.0
2020-07-27,1000000.0,0.0,1000000.0
2020-07-28,1000000.0,0.0,1000000.0
2020-07-29,1000000.0,0.0,1000000.0
2020-07-30,1000000.0,0.0,1000000.0
2020-07-31,1000000.0,0.0,1000000.0
2020-08-03,1000000.0,0.0,1000000.0
2020-08-04,1000000.0,0.0,1000000.0
2020-08-05,1000000.0,0.0,1000000.0
2020-08-06,1000000.0,0.0,1000000.0
2020-08-07,1000000.0,0.0,1000000.0
2020-08-10,1000000.0,0.0,1000000.0
2020-08-11,1000000.0,0.0,1000000.0
2020-08-12,1000000.0,0.0,1000000.0
2020-08-13,1000000.0,0.0,1000000.0
2020-08-14,1000000.0,0.0,1000000.0
2020-08-17,1000000.0,0.0,1000000.0
2020-08-18,1000000.0,0.0,1000000.0
2020-08-19,1000000.0,0.0,1000000.0
2020-08-20,1000000.0,0.0,1000000.0
2020-08-21,1000000.0,0.0,1000000.0
2020-08-24,1000000.0,0.0,1000000.0
2020-08-25,1000000.0,0.0,1000000.0
2020-08-26,1000000.0,0.0,1000000.0
2020-08-27,1000000.0,0.0,1000000.0
2020-08-28,1000000.0,0.0,1000000.0
2020-08-31,1000000.0,0.0,1000000.0
2020-09-01,1000000.0,0.0,1000000.0
2020-09-02,1000000.0,0.0,1000000.0
2020-09-03,1000000.0,0.0,1000000.0
2020-09-04,1000000.0,0.0,1000000.0
2020-09-07,1000000.0,0.0,1000000.0
2020-09-08,1000000.0,0.0,1000000.0
2020-09-09,1000000.0,0.0,1000000.0
2020-09-10,1000000.0,0.0,1000000.0
2020-09-11,1000000.0,0.0,1000000.0
2020-09-14,1000000.0,0.0,1000000.0
2020-09-15,1000000.0,0.0,1000000.0
2020-09-16,1000000.0,0.0,1000000.0
2020-09-17,1000000.0,0.0,1000000.0
2020-09-18,1000000.0,0.0,1000000.0
2020-09-21,1000000.0,0.0,1000000.0
2020-09-22,1000000.0,0.0,1000000.0
2020-09-23,1000000.0,0.0,1000000.0
2020-09-24,1000000.0,0.0,1000000.0
2020-09-25,1000000.0,0.0,1000000.0
2020-09-28,1000000.0,0.0,1000000.0
2020-09-29,1000000.0,0.0,1000000.0
2020-09-30,1000000.0,0.0,1000000.0
2020-10-05,1000000.0,0.0,1000000.0
2020-10-06,1000000.0,0.0,1000000.0
2020-10-07,1000000.0,0.0,1000000.0
2020-10-08,1000000.0,0.0,1000000.0
2020-10-12,1000000.0,0.0,1000000.0
2020-10-13,1000000.0,0.0,1000000.0
2020-10-14,1000000.0,0.0,1000000.0
2020-10-15,1000000.0,0.0,1000000.0
2020-10-16,1000000.0,0.0,1000000.0
2020-10-19,1000000.0,0.0,1000000.0
2020-10-20,1000000.0,0.0,1000000.0
2020-10-21,1000000.0,0.0,1000000.0
2020-10-22,1000000.0,0.0,1000000.0
2020-10-23,1000000.0,0.0,1000000.0
2020-10-26,1000000.0,0.0,1000000.0
2020-10-27,1000000.0,0.0,1000000.0
2020-10-28,1000000.0,0.0,1000000.0
2020-10-29,1000000.0,0.0,1000000.0
2020-10-30,1000000.0,0.0,1000000.0
2020-11-02,1000000.0,0.0,1000000.0
2020-11-03,1000000.0,0.0,1000000.0
2020-11-04,1000000.0,0.0,1000000.0
2020-11-05,1000000.0,0.0,1000000.0
2020-11-06,1000000.0,0.0,1000000.0
2020-11-09,1000000.0,0.0,1000000.0
2020-11-10,1000000.0,0.0,1000000.0
2020-11-11,1000000.0,0.0,1000000.0
2020-11-12,1000000.0,0.0,1000000.0
2020-11-13,1000000.0,0.0,1000000.0
2020-11-16,1000000.0,0.0,1000000.0
2020-11-17,1000000.0,0.0,1000000.0
2020-11-18,1000000.0,0.0,1000000.0
2020-11-19,1000000.0,0.0,1000000.0
2020-11-20,1000000.0,0.0,1000000.0
2020-11-23,1000000.0,0.0,1000000.0
2020-11-24,1000000.0,0.0,1000000.0
2020-11-25,1000000.0,0.0,1000000.0
2020-11-26,1000000.0,0.0,1000000.0
2020-11-27,1000000.0,0.0,1000000.0
2020-11-30,1000000.0,0.0,1000000.0
2020-12-01,1000000.0,0.0,1000000.0
2020-12-02,1000000.0,0.0,1000000.0
2020-12-03,1000000.0,0.0,1000000.0
2020-12-04,1000000.0,0.0,1000000.0
2020-12-07,1000000.0,0.0,1000000.0
2020-12-08,1000000.0,0.0,1000000.0
2020-12-09,1000000.0,0.0,1000000.0
2020-12-10,1000000.0,0.0,1000000.0
2020-12-11,1000000.0,0.0,1000000.0
2020-12-14,1000000.0,0.0,1000000.0
2020-12-15,1000000.0,0.0,1000000.0
2020-12-16,1000000.0,0.0,1000000.0
2020-12-17,1000000.0,0.0,1000000.0
2020-12-18,1000000.0,0.0,1000000.0
2020-12-21,1000000.0,0.0,1000000.0
2020-12-22,1000000.0,0.0,1000000.0
2020-12-23,1000000.0,0.0,1000000.0
2020-12-24,1000000.0,0.0,1000000.0
2020-12-25,1000000.0,0.0,1000000.0
2020-12-28,1000000.0,0.0,1000000.0
2020-12-29,1000000.0,0.0,1000000.0
2020-12-30,1000000.0,0.0,1000000.0
2020-12-31,1000000.0,0.0,1000000.0
2021-01-04,1000000.0,0.0,1000000.0
2021-01-05,1000000.0,0.0,1000000.0
2021-01-06,1000000.0,0.0,1000000.0
2021-01-07,1000000.0,0.0,1000000.0
2021-01-08,1000000.0,0.0,1000000.0
2021-01-11,1000000.0,0.0,1000000.0
2021-01-12,1000000.0,0.0,1000000.0
2021-01-13,1000000.0,0.0,1000000.0
2021-01-14,1000000.0,0.0,1000000.0
2021-01-15,1000000.0,0.0,1000000.0
2021-01-18,1000000.0,0.0,1000000.0
2021-01-19,1000000.0,0.0,1000000.0
2021-01-20,1000000.0,0.0,1000000.0
2021-01-21,1000000.0,0.0,1000000.0
2021-01-22,1000000.0,0.0,1000000.0
2021-01-25,1000000.0,0.0,1000000.0
2021-01-26,1000000.0,0.0,1000000.0
2021-01-27,1000000.0,0.0,1000000.0
2021-01-28,1000000.0,0.0,1000000.0
2021-01-29,1000000.0,0.0,1000000.0
2021-02-01,1000000.0,0.0,1000000.0
2021-02-02,1000000.0,0.0,1000000.0
2021-02-03,1000000.0,0.0,1000000.0
2021-02-04,1000000.0,0.0,1000000.0
2021-02-05,1000000.0,0.0,1000000.0
2021-02-17,1000000.0,0.0,1000000.0
2021-02-18,1000000.0,0.0,1000000.0
2021-02-19,1000000.0,0.0,1000000.0
2021-02-22,1000000.0,0.0,1000000.0
2021-02-23,1000000.0,0.0,1000000.0
2021-02-24,1000000.0,0.0,1000000.0
2021-02-25,1000000.0,0.0,1000000.0
2021-02-26,1000000.0,0.0,1000000.0
2021-03-02,1000000.0,0.0,1000000.0
2021-03-03,1000000.0,0.0,1000000.0
2021-03-04,1000000.0,0.0,1000000.0
2021-03-05,1000000.0,0.0,1000000.0
2021-03-08,1000000.0,0.0,1000000.0
2021-03-09,1000000.0,0.0,1000000.0
2021-03-10,1000000.0,0.0,1000000.0
2021-03-11,1000000.0,0.0,1000000.0
2021-03-12,1000000.0,0.0,1000000.0
2021-03-15,1000000.0,0.0,1000000.0
2021-03-16,1000000.0,0.0,1000000.0
2021-03-17,1000000.0,0.0,1000000.0
2021-03-18,1000000.0,0.0,1000000.0
2021-03-19,1000000.0,0.0,1000000.0
2021-03-22,1000000.0,0.0,1000000.0
2021-03-23,1000000.0,0.0,1000000.0
2021-03-24,1000000.0,0.0,1000000.0
2021-03-25,1000000.0,0.0,1000000.0
2021-03-26,1000000.0,0.0,1000000.0
2021-03-29,11483.849892395083,986616.2109375,998100.0608298951
2021-03-30,11483.849892395083,999619.6746826172,1011103.5245750123
2021-03-31,11483.849892395083,996368.8659667969,1007852.715859192
2021-04-01,11483.849892395083,997994.1558837891,1009478.0057761841
2021-04-07,510989.76673093566,501977.04315185547,1012966.8098827911
2021-04-08,510989.76673093566,503331.41326904297,1014321.1799999786
2021-04-09,510989.76673093566,501435.2035522461,1012424.9702831818
2021-04-12,510989.76673093566,502789.6499633789,1013779.4166943146
2021-04-13,510989.76673093566,500893.32580566406,1011883.0925365997
2021-04-14,510989.76673093566,499267.9977416992,1010257.7644726349
2021-04-15,510989.76673093566,501164.3600463867,1012154.1267773224
2021-04-16,510989.76673093566,507394.9432373047,1018384.7099682403
2021-04-19,510989.76673093566,513625.71716308594,1024615.4838940216
2021-04-20,510989.76673093566,514980.23986816406,1025970.0065990997
2021-04-21,510989.76673093566,515251.08337402344,1026240.8501049591
2021-04-22,510989.76673093566,512000.16021728516,1022989.9269482208
2021-04-23,510989.76673093566,513083.8394165039,1024073.6061474396
2021-04-26,510989.76673093566,519856.3003540039,1030846.0670849396
2021-04-27,510989.76673093566,520668.98345947266,1031658.7501904083
2021-04-28,510989.76673093566,519856.3003540039,1030846.0670849396
2021-04-29,510989.76673093566,518772.7737426758,1029762.5404736114
2021-05-03,510989.76673093566,515251.08337402344,1026240.8501049591
2021-05-04,1016695.6708417106,0.0,1016695.6708417106
2021-05-05,1016695.6708417106,0.0,1016695.6708417106
2021-05-06,1016695.6708417106,0.0,1016695.6708417106
2021-05-07,1016695.6708417106,0.0,1016695.6708417106
2021-05-10,1016695.6708417106,0.0,1016695.6708417106
2021-05-11,1016695.6708417106,0.0,1016695.6708417106
2021-05-12,1016695.6708417106,0.0,1016695.6708417106
2021-05-13,1016695.6708417106,0.0,1016695.6708417106
2021-05-14,1016695.6708417106,0.0,1016695.6708417106
2021-05-17,1016695.6708417106,0.0,1016695.6708417106
2021-05-18,1016695.6708417106,0.0,1016695.6708417106
2021-05-19,1016695.6708417106,0.0,1016695.6708417106
2021-05-20,1016695.6708417106,0.0,1016695.6708417106
2021-05-21,1016695.6708417106,0.0,1016695.6708417106
2021-05-24,1016695.6708417106,0.0,1016695.6708417106
2021-05-25,1016695.6708417106,0.0,1016695.6708417106
2021-05-26,1016695.6708417106,0.0,1016695.6708417106
2021-05-27,1016695.6708417106,0.0,1016695.6708417106
2021-05-28,1016695.6708417106,0.0,1016695.6708417106
2021-05-31,1016695.6708417106,0.0,1016695.6708417106
2021-06-01,1016695.6708417106,0.0,1016695.6708417106
2021-06-02,1016695.6708417106,0.0,1016695.6708417106
2021-06-03,1016695.6708417106,0.0,1016695.6708417106
2021-06-04,1016695.6708417106,0.0,1016695.6708417106
2021-06-07,1016695.6708417106,0.0,1016695.6708417106
2021-06-08,1016695.6708417106,0.0,1016695.6708417106
2021-06-09,1016695.6708417106,0.0,1016695.6708417106
2021-06-10,1016695.6708417106,0.0,1016695.6708417106
2021-06-11,1016695.6708417106,0.0,1016695.6708417106
2021-06-15,1016695.6708417106,0.0,1016695.6708417106
2021-06-16,1016695.6708417106,0.0,1016695.6708417106
2021-06-17,1016695.6708417106,0.0,1016695.6708417106
2021-06-18,1016695.6708417106,0.0,1016695.6708417106
2021-06-21,1016695.6708417106,0.0,1016695.6708417106
2021-06-22,1016695.6708417106,0.0,1016695.6708417106
2021-06-23,1016695.6708417106,0.0,1016695.6708417106
2021-06-24,1016695.6708417106,0.0,1016695.6708417106
2021-06-25,1016695.6708417106,0.0,1016695.6708417106
2021-06-28,1016695.6708417106,0.0,1016695.6708417106
2021-06-29,1016695.6708417106,0.0,1016695.6708417106
2021-06-30,1016695.6708417106,0.0,1016695.6708417106
2021-07-01,1016695.6708417106,0.0,1016695.6708417106
2021-07-02,1016695.6708417106,0.0,1016695.6708417106
2021-07-05,1016695.6708417106,0.0,1016695.6708417106
2021-07-06,1016695.6708417106,0.0,1016695.6708417106
2021-07-07,1016695.6708417106,0.0,1016695.6708417106
2021-07-08,1016695.6708417106,0.0,1016695.6708417106
2021-07-09,1016695.6708417106,0.0,1016695.6708417106
2021-07-12,1016695.6708417106,0.0,1016695.6708417106
2021-07-13,1016695.6708417106,0.0,1016695.6708417106
2021-07-14,1016695.6708417106,0.0,1016695.6708417106
2021-07-15,1016695.6708417106,0.0,1016695.6708417106
2021-07-16,1016695.6708417106,0.0,1016695.6708417106
2021-07-19,1016695.6708417106,0.0,1016695.6708417106
2021-07-20,1016695.6708417106,0.0,1016695.6708417106
2021-07-21,1016695.6708417106,0.0,1016695.6708417106
2021-07-22,1016695.6708417106,0.0,1016695.6708417106
2021-07-23,1016695.6708417106,0.0,1016695.6708417106
2021-07-26,1016695.6708417106,0.0,1016695.6708417106
2021-07-27,1016695.6708417106,0.0,1016695.6708417106
2021-07-28,1016695.6708417106,0.0,1016695.6708417106
2021-07-29,1016695.6708417106,0.0,1016695.6708417106
2021-07-30,1016695.6708417106,0.0,1016695.6708417106
2021-08-02,1016695.6708417106,0.0,1016695.6708417106
2021-08-03,1016695.6708417106,0.0,1016695.6708417106
2021-08-04,1016695.6708417106,0.0,1016695.6708417106
2021-08-05,1016695.6708417106,0.0,1016695.6708417106
2021-08-06,1016695.6708417106,0.0,1016695.6708417106
2021-08-09,1016695.6708417106,0.0,1016695.6708417106
2021-08-10,1016695.6708417106,0.0,1016695.6708417106
2021-08-11,1016695.6708417106,0.0,1016695.6708417106
2021-08-12,1016695.6708417106,0.0,1016695.6708417106
2021-08-13,1016695.6708417106,0.0,1016695.6708417106
2021-08-16,1016695.6708417106,0.0,1016695.6708417106
2021-08-17,1016695.6708417106,0.0,1016695.6708417106
2021-08-18,1016695.6708417106,0.0,1016695.6708417106
2021-08-19,1016695.6708417106,0.0,1016695.6708417106
2021-08-20,1016695.6708417106,0.0,1016695.6708417106
2021-08-23,1016695.6708417106,0.0,1016695.6708417106
2021-08-24,1016695.6708417106,0.0,1016695.6708417106
2021-08-25,1016695.6708417106,0.0,1016695.6708417106
2021-08-26,1016695.6708417106,0.0,1016695.6708417106
2021-08-27,1016695.6708417106,0.0,1016695.6708417106
2021-08-30,1016695.6708417106,0.0,1016695.6708417106
2021-08-31,1016695.6708417106,0.0,1016695.6708417106
2021-09-01,1016695.6708417106,0.0,1016695.6708417106
2021-09-02,1016695.6708417106,0.0,1016695.6708417106
2021-09-03,1016695.6708417106,0.0,1016695.6708417106
2021-09-06,1016695.6708417106,0.0,1016695.6708417106
2021-09-07,1016695.6708417106,0.0,1016695.6708417106
2021-09-08,1016695.6708417106,0.0,1016695.6708417106
2021-09-09,1016695.6708417106,0.0,1016695.6708417106
2021-09-10,1016695.6708417106,0.0,1016695.6708417106
2021-09-13,1016695.6708417106,0.0,1016695.6708417106
2021-09-14,1016695.6708417106,0.0,1016695.6708417106
2021-09-15,1016695.6708417106,0.0,1016695.6708417106
2021-09-16,1016695.6708417106,0.0,1016695.6708417106
2021-09-17,1016695.6708417106,0.0,1016695.6708417106
2021-09-22,1016695.6708417106,0.0,1016695.6708417106
2021-09-23,1016695.6708417106,0.0,1016695.6708417106
2021-09-24,1016695.6708417106,0.0,1016695.6708417106
2021-09-27,1016695.6708417106,0.0,1016695.6708417106
2021-09-28,1016695.6708417106,0.0,1016695.6708417106
2021-09-29,1016695.6708417106,0.0,1016695.6708417106
2021-09-30,1016695.6708417106,0.0,1016695.6708417106
2021-10-01,1016695.6708417106,0.0,1016695.6708417106
2021-10-04,1016695.6708417106,0.0,1016695.6708417106
2021-10-05,1016695.6708417106,0.0,1016695.6708417106
2021-10-06,1016695.6708417106,0.0,1016695.6708417106
2021-10-07,1016695.6708417106,0.0,1016695.6708417106
2021-10-08,1016695.6708417106,0.0,1016695.6708417106
2021-10-12,1016695.6708417106,0.0,1016695.6708417106
2021-10-13,1016695.6708417106,0.0,1016695.6708417106
2021-10-14,1016695.6708417106,0.0,1016695.6708417106
2021-10-15,1016695.6708417106,0.0,1016695.6708417106
2021-10-18,1016695.6708417106,0.0,1016695.6708417106
2021-10-19,1016695.6708417106,0.0,1016695.6708417106
2021-10-20,1016695.6708417106,0.0,1016695.6708417106
2021-10-21,1016695.6708417106,0.0,1016695.6708417106
2021-10-22,1016695.6708417106,0.0,1016695.6708417106
2021-10-25,1016695.6708417106,0.0,1016695.6708417106
2021-10-26,1016695.6708417106,0.0,1016695.6708417106
2021-10-27,1016695.6708417106,0.0,1016695.6708417106
2021-10-28,1016695.6708417106,0.0,1016695.6708417106
2021-10-29,1016695.6708417106,0.0,1016695.6708417106
2021-11-01,1016695.6708417106,0.0,1016695.6708417106
2021-11-02,1016695.6708417106,0.0,1016695.6708417106
2021-11-03,1016695.6708417106,0.0,1016695.6708417106
2021-11-04,1016695.6708417106,0.0,1016695.6708417106
2021-11-05,1016695.6708417106,0.0,1016695.6708417106
2021-11-08,1016695.6708417106,0.0,1016695.6708417106
2021-11-09,1016695.6708417106,0.0,1016695.6708417106
2021-11-10,1016695.6708417106,0.0,1016695.6708417106
2021-11-11,1016695.6708417106,0.0,1016695.6708417106
2021-11-12,1016695.6708417106,0.0,1016695.6708417106
2021-11-15,1016695.6708417106,0.0,1016695.6708417106
2021-11-16,1016695.6708417106,0.0,1016695.6708417106
2021-11-17,1016695.6708417106,0.0,1016695.6708417106
2021-11-18,1016695.6708417106,0.0,1016695.6708417106
2021-11-19,1016695.6708417106,0.0,1016695.6708417106
2021-11-22,1016695.6708417106,0.0,1016695.6708417106
2021-11-23,1016695.6708417106,0.0,1016695.6708417106
2021-11-24,1016695.6708417106,0.0,1016695.6708417106
2021-11-25,1016695.6708417106,0.0,1016695.6708417106
2021-11-26,1016695.6708417106,0.0,1016695.6708417106
2021-11-29,1016695.6708417106,0.0,1016695.6708417106
2021-11-30,1016695.6708417106,0.0,1016695.6708417106
2021-12-01,1016695.6708417106,0.0,1016695.6708417106
2021-12-02,1016695.6708417106,0.0,1016695.6708417106
2021-12-03,1016695.6708417106,0.0,1016695.6708417106
2021-12-06,1016695.6708417106,0.0,1016695.6708417106
2021-12-07,1016695.6708417106,0.0,1016695.6708417106
2021-12-08,1016695.6708417106,0.0,1016695.6708417106
2021-12-09,1016695.6708417106,0.0,1016695.6708417106
2021-12-10,1016695.6708417106,0.0,1016695.6708417106
2021-12-13,1016695.6708417106,0.0,1016695.6708417106
2021-12-14,1016695.6708417106,0.0,1016695.6708417106
2021-12-15,1016695.6708417106,0.0,1016695.6708417106
2021-12-16,1016695.6708417106,0.0,1016695.6708417106
2021-12-17,1016695.6708417106,0.0,1016695.6708417106
2021-12-20,1016695.6708417106,0.0,1016695.6708417106
2021-12-21,1016695.6708417106,0.0,1016695.6708417106
2021-12-22,1016695.6708417106,0.0,1016695.6708417106
2021-12-23,1016695.6708417106,0.0,1016695.6708417106
2021-12-24,1016695.6708417106,0.0,1016695.6708417106
2021-12-27,1016695.6708417106,0.0,1016695.6708417106
2021-12-28,1016695.6708417106,0.0,1016695.6708417106
2021-12-29,1016695.6708417106,0.0,1016695.6708417106
2021-12-30,1016695.6708417106,0.0,1016695.6708417106
2022-01-03,1016695.6708417106,0.0,1016695.6708417106
2022-01-04,1016695.6708417106,0.0,1016695.6708417106
2022-01-05,1016695.6708417106,0.0,1016695.6708417106
2022-01-06,1016695.6708417106,0.0,1016695.6708417106
2022-01-07,1016695.6708417106,0.0,1016695.6708417106
2022-01-10,1016695.6708417106,0.0,1016695.6708417106
2022-01-11,1016695.6708417106,0.0,1016695.6708417106
2022-01-12,1016695.6708417106,0.0,1016695.6708417106
2022-01-13,1016695.6708417106,0.0,1016695.6708417106
2022-01-14,1016695.6708417106,0.0,1016695.6708417106
2022-01-17,1016695.6708417106,0.0,1016695.6708417106
2022-01-18,1016695.6708417106,0.0,1016695.6708417106
2022-01-19,1016695.6708417106,0.0,1016695.6708417106
2022-01-20,1016695.6708417106,0.0,1016695.6708417106
2022-01-21,1016695.6708417106,0.0,1016695.6708417106
2022-01-24,1016695.6708417106,0.0,1016695.6708417106
2022-01-25,1016695.6708417106,0.0,1016695.6708417106
2022-01-26,1016695.6708417106,0.0,1016695.6708417106
2022-02-07,1016695.6708417106,0.0,1016695.6708417106
2022-02-08,1016695.6708417106,0.0,1016695.6708417106
2022-02-09,1016695.6708417106,0.0,1016695.6708417106
2022-02-10,1016695.6708417106,0.0,1016695.6708417106
2022-02-11,1016695.6708417106,0.0,1016695.6708417106
2022-02-14,1016695.6708417106,0.0,1016695.6708417106
2022-02-15,1016695.6708417106,0.0,1016695.6708417106
2022-02-16,1016695.6708417106,0.0,1016695.6708417106
2022-02-17,1016695.6708417106,0.0,1016695.6708417106
2022-02-18,1016695.6708417106,0.0,1016695.6708417106
2022-02-21,1016695.6708417106,0.0,1016695.6708417106
2022-02-22,1016695.6708417106,0.0,1016695.6708417106
2022-02-23,1016695.6708417106,0.0,1016695.6708417106
2022-02-24,1016695.6708417106,0.0,1016695.6708417106
2022-02-25,1016695.6708417106,0.0,1016695.6708417106
2022-03-01,1016695.6708417106,0.0,1016695.6708417106
2022-03-02,1016695.6708417106,0.0,1016695.6708417106
2022-03-03,1016695.6708417106,0.0,1016695.6708417106
2022-03-04,1016695.6708417106,0.0,1016695.6708417106
2022-03-07,1016695.6708417106,0.0,1016695.6708417106
2022-03-08,1016695.6708417106,0.0,1016695.6708417106
2022-03-09,1016695.6708417106,0.0,1016695.6708417106
2022-03-10,1016695.6708417106,0.0,1016695.6708417106
2022-03-11,1016695.6708417106,0.0,1016695.6708417106
2022-03-14,1016695.6708417106,0.0,1016695.6708417106
2022-03-15,1016695.6708417106,0.0,1016695.6708417106
2022-03-16,1016695.6708417106,0.0,1016695.6708417106
2022-03-17,1016695.6708417106,0.0,1016695.6708417106
2022-03-18,1016695.6708417106,0.0,1016695.6708417106
2022-03-21,1016695.6708417106,0.0,1016695.6708417106
2022-03-22,1016695.6708417106,0.0,1016695.6708417106
2022-03-23,1016695.6708417106,0.0,1016695.6708417106
2022-03-24,1016695.6708417106,0.0,1016695.6708417106
2022-03-25,1016695.6708417106,0.0,1016695.6708417106
2022-03-28,1016695.6708417106,0.0,1016695.6708417106
2022-03-29,1016695.6708417106,0.0,1016695.6708417106
2022-03-30,1016695.6708417106,0.0,1016695.6708417106
2022-03-31,1016695.6708417106,0.0,1016695.6708417106
2022-04-01,1016695.6708417106,0.0,1016695.6708417106
2022-04-06,1016695.6708417106,0.0,1016695.6708417106
2022-04-07,1016695.6708417106,0.0,1016695.6708417106
2022-04-08,1016695.6708417106,0.0,1016695.6708417106
2022-04-11,1016695.6708417106,0.0,1016695.6708417106
2022-04-12,1016695.6708417106,0.0,1016695.6708417106
2022-04-13,1016695.6708417106,0.0,1016695.6708417106
2022-04-14,1016695.6708417106,0.0,1016695.6708417106
2022-04-15,1016695.6708417106,0.0,1016695.6708417106
2022-04-18,1016695.6708417106,0.0,1016695.6708417106
2022-04-19,1016695.6708417106,0.0,1016695.6708417106
2022-04-20,1016695.6708417106,0.0,1016695.6708417106
2022-04-21,1016695.6708417106,0.0,1016695.6708417106
2022-04-22,1016695.6708417106,0.0,1016695.6708417106
2022-04-25,1016695.6708417106,0.0,1016695.6708417106
2022-04-26,1016695.6708417106,0.0,1016695.6708417106
2022-04-27,1016695.6708417106,0.0,1016695.6708417106
2022-04-28,1016695.6708417106,0.0,1016695.6708417106
2022-04-29,1016695.6708417106,0.0,1016695.6708417106
2022-05-03,1016695.6708417106,0.0,1016695.6708417106
2022-05-04,1016695.6708417106,0.0,1016695.6708417106
2022-05-05,1016695.6708417106,0.0,1016695.6708417106
2022-05-06,1016695.6708417106,0.0,1016695.6708417106
2022-05-09,1016695.6708417106,0.0,1016695.6708417106
2022-05-10,1016695.6708417106,0.0,1016695.6708417106
2022-05-11,1016695.6708417106,0.0,1016695.6708417106
2022-05-12,1016695.6708417106,0.0,1016695.6708417106
2022-05-13,1016695.6708417106,0.0,1016695.6708417106
2022-05-16,1016695.6708417106,0.0,1016695.6708417106
2022-05-17,1016695.6708417106,0.0,1016695.6708417106
2022-05-18,1016695.6708417106,0.0,1016695.6708417106
2022-05-19,1016695.6708417106,0.0,1016695.6708417106
2022-05-20,1016695.6708417106,0.0,1016695.6708417106
2022-05-23,1016695.6708417106,0.0,1016695.6708417106
2022-05-24,1016695.6708417106,0.0,1016695.6708417106
2022-05-25,1016695.6708417106,0.0,1016695.6708417106
2022-05-26,1016695.6708417106,0.0,1016695.6708417106
2022-05-27,1016695.6708417106,0.0,1016695.6708417106
2022-05-30,1016695.6708417106,0.0,1016695.6708417106
2022-05-31,1016695.6708417106,0.0,1016695.6708417106
2022-06-01,1016695.6708417106,0.0,1016695.6708417106
2022-06-02,1016695.6708417106,0.0,1016695.6708417106
2022-06-06,1016695.6708417106,0.0,1016695.6708417106
2022-06-07,1016695.6708417106,0.0,1016695.6708417106
2022-06-08,1016695.6708417106,0.0,1016695.6708417106
2022-06-09,1016695.6708417106,0.0,1016695.6708417106
2022-06-10,1016695.6708417106,0.0,1016695.6708417106
2022-06-13,1016695.6708417106,0.0,1016695.6708417106
2022-06-14,1016695.6708417106,0.0,1016695.6708417106
2022-06-15,1016695.6708417106,0.0,1016695.6708417106
2022-06-16,1016695.6708417106,0.0,1016695.6708417106
2022-06-17,1016695.6708417106,0.0,1016695.6708417106
2022-06-20,1016695.6708417106,0.0,1016695.6708417106
2022-06-21,1016695.6708417106,0.0,1016695.6708417106
2022-06-22,1016695.6708417106,0.0,1016695.6708417106
2022-06-23,1016695.6708417106,0.0,1016695.6708417106
2022-06-24,1016695.6708417106,0.0,1016695.6708417106
2022-06-27,1016695.6708417106,0.0,1016695.6708417106
2022-06-28,1016695.6708417106,0.0,1016695.6708417106
2022-06-29,1016695.6708417106,0.0,1016695.6708417106
2022-06-30,1016695.6708417106,0.0,1016695.6708417106
2022-07-01,1016695.6708417106,0.0,1016695.6708417106
2022-07-04,1016695.6708417106,0.0,1016695.6708417106
2022-07-05,1016695.6708417106,0.0,1016695.6708417106
2022-07-06,1016695.6708417106,0.0,1016695.6708417106
2022-07-07,1016695.6708417106,0.0,1016695.6708417106
2022-07-08,1016695.6708417106,0.0,1016695.6708417106
2022-07-11,1016695.6708417106,0.0,1016695.6708417106
2022-07-12,1016695.6708417106,0.0,1016695.6708417106
2022-07-13,1016695.6708417106,0.0,1016695.6708417106
2022-07-14,1016695.6708417106,0.0,1016695.6708417106
2022-07-15,1016695.6708417106,0.0,1016695.6708417106
2022-07-18,1016695.6708417106,0.0,1016695.6708417106
2022-07-19,1016695.6708417106,0.0,1016695.6708417106
2022-07-20,1016695.6708417106,0.0,1016695.6708417106
2022-07-21,1016695.6708417106,0.0,1016695.6708417106
2022-07-22,1016695.6708417106,0.0,1016695.6708417106
2022-07-25,1016695.6708417106,0.0,1016695.6708417106
2022-07-26,1016695.6708417106,0.0,1016695.6708417106
2022-07-27,1016695.6708417106,0.0,1016695.6708417106
2022-07-28,1016695.6708417106,0.0,1016695.6708417106
2022-07-29,1016695.6708417106,0.0,1016695.6708417106
2022-08-01,1016695.6708417106,0.0,1016695.6708417106
2022-08-02,1016695.6708417106,0.0,1016695.6708417106
2022-08-03,1016695.6708417106,0.0,1016695.6708417106
2022-08-04,1016695.6708417106,0.0,1016695.6708417106
2022-08-05,1016695.6708417106,0.0,1016695.6708417106
2022-08-08,1016695.6708417106,0.0,1016695.6708417106
2022-08-09,1016695.6708417106,0.0,1016695.6708417106
2022-08-10,1016695.6708417106,0.0,1016695.6708417106
2022-08-11,1016695.6708417106,0.0,1016695.6708417106
2022-08-12,1016695.6708417106,0.0,1016695.6708417106
2022-08-15,1016695.6708417106,0.0,1016695.6708417106
2022-08-16,1016695.6708417106,0.0,1016695.6708417106
2022-08-17,1016695.6708417106,0.0,1016695.6708417106
2022-08-18,1016695.6708417106,0.0,1016695.6708417106
2022-08-19,1016695.6708417106,0.0,1016695.6708417106
2022-08-22,1016695.6708417106,0.0,1016695.6708417106
2022-08-23,1016695.6708417106,0.0,1016695.6708417106
2022-08-24,1016695.6708417106,0.0,1016695.6708417106
2022-08-25,1016695.6708417106,0.0,1016695.6708417106
2022-08-26,1016695.6708417106,0.0,1016695.6708417106
2022-08-29,1016695.6708417106,0.0,1016695.6708417106
2022-08-30,1016695.6708417106,0.0,1016695.6708417106
2022-08-31,1016695.6708417106,0.0,1016695.6708417106
2022-09-01,1016695.6708417106,0.0,1016695.6708417106
2022-09-02,1016695.6708417106,0.0,1016695.6708417106
2022-09-05,1016695.6708417106,0.0,1016695.6708417106
2022-09-06,1016695.6708417106,0.0,1016695.6708417106
2022-09-07,1016695.6708417106,0.0,1016695.6708417106
2022-09-08,1016695.6708417106,0.0,1016695.6708417106
2022-09-12,1016695.6708417106,0.0,1016695.6708417106
2022-09-13,1016695.6708417106,0.0,1016695.6708417106
2022-09-14,1016695.6708417106,0.0,1016695.6708417106
2022-09-15,1016695.6708417106,0.0,1016695.6708417106
2022-09-16,1016695.6708417106,0.0,1016695.6708417106
2022-09-19,1016695.6708417106,0.0,1016695.6708417106
2022-09-20,1016695.6708417106,0.0,1016695.6708417106
2022-09-21,1016695.6708417106,0.0,1016695.6708417106
2022-09-22,1016695.6708417106,0.0,1016695.6708417106
2022-09-23,1016695.6708417106,0.0,1016695.6708417106
2022-09-26,1016695.6708417106,0.0,1016695.6708417106
2022-09-27,1016695.6708417106,0.0,1016695.6708417106
2022-09-28,1016695.6708417106,0.0,1016695.6708417106
2022-09-29,1016695.6708417106,0.0,1016695.6708417106
2022-09-30,1016695.6708417106,0.0,1016695.6708417106
2022-10-03,1016695.6708417106,0.0,1016695.6708417106
2022-10-04,1016695.6708417106,0.0,1016695.6708417106
2022-10-05,1016695.6708417106,0.0,1016695.6708417106
2022-10-06,1016695.6708417106,0.0,1016695.6708417106
2022-10-07,1016695.6708417106,0.0,1016695.6708417106
2022-10-11,1016695.6708417106,0.0,1016695.6708417106
2022-10-12,1016695.6708417106,0.0,1016695.6708417106
2022-10-13,1016695.6708417106,0.0,1016695.6708417106
2022-10-14,1016695.6708417106,0.0,1016695.6708417106
2022-10-17,1016695.6708417106,0.0,1016695.6708417106
2022-10-18,1016695.6708417106,0.0,1016695.6708417106
2022-10-19,1016695.6708417106,0.0,1016695.6708417106
2022-10-20,1016695.6708417106,0.0,1016695.6708417106
2022-10-21,1016695.6708417106,0.0,1016695.6708417106
2022-10-24,1016695.6708417106,0.0,1016695.6708417106
2022-10-25,1016695.6708417106,0.0,1016695.6708417106
2022-10-26,1016695.6708417106,0.0,1016695.6708417106
2022-10-27,1016695.6708417106,0.0,1016695.6708417106
2022-10-28,1016695.6708417106,0.0,1016695.6708417106
2022-10-31,1016695.6708417106,0.0,1016695.6708417106
2022-11-01,1016695.6708417106,0.0,1016695.6708417106
2022-11-02,1016695.6708417106,0.0,1016695.6708417106
2022-11-03,1016695.6708417106,0.0,1016695.6708417106
2022-11-04,1016695.6708417106,0.0,1016695.6708417106
2022-11-07,1016695.6708417106,0.0,1016695.6708417106
2022-11-08,1016695.6708417106,0.0,1016695.6708417106
2022-11-09,1016695.6708417106,0.0,1016695.6708417106
2022-11-10,1016695.6708417106,0.0,1016695.6708417106
2022-11-11,1016695.6708417106,0.0,1016695.6708417106
2022-11-14,1016695.6708417106,0.0,1016695.6708417106
2022-11-15,1016695.6708417106,0.0,1016695.6708417106
2022-11-16,1016695.6708417106,0.0,1016695.6708417106
2022-11-17,1016695.6708417106,0.0,1016695.6708417106
2022-11-18,1016695.6708417106,0.0,1016695.6708417106
2022-11-21,1016695.6708417106,0.0,1016695.6708417106
2022-11-22,1016695.6708417106,0.0,1016695.6708417106
2022-11-23,1016695.6708417106,0.0,1016695.6708417106
2022-11-24,1016695.6708417106,0.0,1016695.6708417106
2022-11-25,1016695.6708417106,0.0,1016695.6708417106
2022-11-28,1016695.6708417106,0.0,1016695.6708417106
2022-11-29,1016695.6708417106,0.0,1016695.6708417106
2022-11-30,1016695.6708417106,0.0,1016695.6708417106
2022-12-01,1016695.6708417106,0.0,1016695.6708417106
2022-12-02,1016695.6708417106,0.0,1016695.6708417106
2022-12-05,1016695.6708417106,0.0,1016695.6708417106
2022-12-06,1016695.6708417106,0.0,1016695.6708417106
2022-12-07,1016695.6708417106,0.0,1016695.6708417106
2022-12-08,1016695.6708417106,0.0,1016695.6708417106
2022-12-09,1016695.6708417106,0.0,1016695.6708417106
2022-12-12,1016695.6708417106,0.0,1016695.6708417106
2022-12-13,1016695.6708417106,0.0,1016695.6708417106
2022-12-14,1016695.6708417106,0.0,1016695.6708417106
2022-12-15,1016695.6708417106,0.0,1016695.6708417106
2022-12-16,1016695.6708417106,0.0,1016695.6708417106
2022-12-19,1016695.6708417106,0.0,1016695.6708417106
2022-12-20,1016695.6708417106,0.0,1016695.6708417106
2022-12-21,1016695.6708417106,0.0,1016695.6708417106
2022-12-22,1016695.6708417106,0.0,1016695.6708417106
2022-12-23,1016695.6708417106,0.0,1016695.6708417106
2022-12-26,1016695.6708417106,0.0,1016695.6708417106
2022-12-27,1016695.6708417106,0.0,1016695.6708417106
2022-12-28,1016695.6708417106,0.0,1016695.6708417106
2022-12-29,1016695.6708417106,0.0,1016695.6708417106
2022-12-30,1016695.6708417106,0.0,1016695.6708417106
2023-01-03,1016695.6708417106,0.0,1016695.6708417106
2023-01-04,1016695.6708417106,0.0,1016695.6708417106
2023-01-05,1016695.6708417106,0.0,1016695.6708417106
2023-01-06,1016695.6708417106,0.0,1016695.6708417106
2023-01-09,1016695.6708417106,0.0,1016695.6708417106
2023-01-10,1016695.6708417106,0.0,1016695.6708417106
2023-01-11,1016695.6708417106,0.0,1016695.6708417106
2023-01-12,1016695.6708417106,0.0,1016695.6708417106
2023-01-13,1016695.6708417106,0.0,1016695.6708417106
2023-01-16,1016695.6708417106,0.0,1016695.6708417106
2023-01-17,1016695.6708417106,0.0,1016695.6708417106
2023-01-30,1016695.6708417106,0.0,1016695.6708417106
2023-01-31,1016695.6708417106,0.0,1016695.6708417106
2023-02-01,1016695.6708417106,0.0,1016695.6708417106
2023-02-02,1016695.6708417106,0.0,1016695.6708417106
2023-02-03,1016695.6708417106,0.0,1016695.6708417106
2023-02-06,1016695.6708417106,0.0,1016695.6708417106
2023-02-07,1016695.6708417106,0.0,1016695.6708417106
2023-02-08,1016695.6708417106,0.0,1016695.6708417106
2023-02-09,1016695.6708417106,0.0,1016695.6708417106
2023-02-10,1016695.6708417106,0.0,1016695.6708417106
2023-02-13,1016695.6708417106,0.0,1016695.6708417106
2023-02-14,1016695.6708417106,0.0,1016695.6708417106
2023-02-15,1016695.6708417106,0.0,1016695.6708417106
2023-02-16,1016695.6708417106,0.0,1016695.6708417106
2023-02-17,1016695.6708417106,0.0,1016695.6708417106
2023-02-20,1016695.6708417106,0.0,1016695.6708417106
2023-02-21,1016695.6708417106,0.0,1016695.6708417106
2023-02-22,1016695.6708417106,0.0,1016695.6708417106
2023-02-23,1016695.6708417106,0.0,1016695.6708417106
2023-02-24,1016695.6708417106,0.0,1016695.6708417106
2023-03-01,1016695.6708417106,0.0,1016695.6708417106
2023-03-02,1016695.6708417106,0.0,1016695.6708417106
2023-03-03,1016695.6708417106,0.0,1016695.6708417106
2023-03-06,1016695.6708417106,0.0,1016695.6708417106
2023-03-07,1016695.6708417106,0.0,1016695.6708417106
2023-03-08,1016695.6708417106,0.0,1016695.6708417106
2023-03-09,1016695.6708417106,0.0,1016695.6708417106
2023-03-10,1016695.6708417106,0.0,1016695.6708417106
2023-03-13,1016695.6708417106,0.0,1016695.6708417106
2023-03-14,1016695.6708417106,0.0,1016695.6708417106
2023-03-15,1016695.6708417106,0.0,1016695.6708417106
2023-03-16,1016695.6708417106,0.0,1016695.6708417106
2023-03-17,1016695.6708417106,0.0,1016695.6708417106
2023-03-20,1016695.6708417106,0.0,1016695.6708417106
2023-03-21,1016695.6708417106,0.0,1016695.6708417106
2023-03-22,1016695.6708417106,0.0,1016695.6708417106
2023-03-23,1016695.6708417106,0.0,1016695.6708417106
2023-03-24,1016695.6708417106,0.0,1016695.6708417106
2023-03-27,1016695.6708417106,0.0,1016695.6708417106
2023-03-28,1016695.6708417106,0.0,1016695.6708417106
2023-03-29,1016695.6708417106,0.0,1016695.6708417106
2023-03-30,1016695.6708417106,0.0,1016695.6708417106
2023-03-31,1016695.6708417106,0.0,1016695.6708417106
2023-04-06,1016695.6708417106,0.0,1016695.6708417106
2023-04-07,1016695.6708417106,0.0,1016695.6708417106
2023-04-10,1016695.6708417106,0.0,1016695.6708417106
2023-04-11,4143.316431977553,1010606.2173843384,1014749.5338163159
2023-04-12,4143.316431977553,1015803.6947250366,1019947.0111570142
2023-04-13,4143.316431977553,1014648.5567092896,1018791.8731412671
2023-04-14,4143.316431977553,1016958.6896896362,1021102.0061216138
2023-04-17,4143.316431977553,1018113.5416030884,1022256.8580350659
2023-04-18,4143.316431977553,1017536.3302230835,1021679.646655061
2023-04-19,4143.316431977553,1016958.6896896362,1021102.0061216138
2023-04-20,4143.316431977553,1011761.3554000854,1015904.671832063
2023-04-21,4143.316431977553,1008873.724937439,1013017.0413694165
2023-04-24,4143.316431977553,1011183.7863922119,1015327.1028241895
2023-04-25,4143.316431977553,1000788.8317108154,1004932.148142793
2023-04-26,4143.316431977553,1003676.176071167,1007819.4925031445
2023-04-27,4143.316431977553,1007718.7299728394,1011862.0464048169
2023-04-28,4143.316431977553,1014071.1307525635,1018214.447184541
2023-05-02,4143.316431977553,1021001.1005401611,1025144.4169721387
2023-05-03,1020692.900101826,0.0,1020692.900101826
2023-05-04,1020692.900101826,0.0,1020692.900101826
2023-05-05,1020692.900101826,0.0,1020692.900101826
2023-05-08,1020692.900101826,0.0,1020692.900101826
2023-05-09,1020692.900101826,0.0,1020692.900101826
2023-05-10,1020692.900101826,0.0,1020692.900101826
2023-05-11,1020692.900101826,0.0,1020692.900101826
2023-05-12,1020692.900101826,0.0,1020692.900101826
2023-05-15,1020692.900101826,0.0,1020692.900101826
2023-05-16,1020692.900101826,0.0,1020692.900101826
2023-05-17,1020692.900101826,0.0,1020692.900101826
2023-05-18,1020692.900101826,0.0,1020692.900101826
2023-05-19,1020692.900101826,0.0,1020692.900101826
2023-05-22,1020692.900101826,0.0,1020692.900101826
2023-05-23,1020692.900101826,0.0,1020692.900101826
2023-05-24,1020692.900101826,0.0,1020692.900101826
2023-05-25,1020692.900101826,0.0,1020692.900101826
2023-05-26,1020692.900101826,0.0,1020692.900101826
2023-05-29,1020692.900101826,0.0,1020692.900101826
2023-05-30,1020692.900101826,0.0,1020692.900101826
2023-05-31,1020692.900101826,0.0,1020692.900101826
2023-06-01,1020692.900101826,0.0,1020692.900101826
2023-06-02,1020692.900101826,0.0,1020692.900101826
2023-06-05,1020692.900101826,0.0,1020692.900101826
2023-06-06,1020692.900101826,0.0,1020692.900101826
2023-06-07,1020692.900101826,0.0,1020692.900101826
2023-06-08,1020692.900101826,0.0,1020692.900101826
2023-06-09,1020692.900101826,0.0,1020692.900101826
2023-06-12,1020692.900101826,0.0,1020692.900101826
2023-06-13,1020692.900101826,0.0,1020692.900101826
2023-06-14,1020692.900101826,0.0,1020692.900101826
2023-06-15,1020692.900101826,0.0,1020692.900101826
2023-06-16,1020692.900101826,0.0,1020692.900101826
2023-06-19,1020692.900101826,0.0,1020692.900101826
2023-06-20,1020692.900101826,0.0,1020692.900101826
2023-06-21,1020692.900101826,0.0,1020692.900101826
2023-06-26,1020692.900101826,0.0,1020692.900101826
2023-06-27,1020692.900101826,0.0,1020692.900101826
2023-06-28,1020692.900101826,0.0,1020692.900101826
2023-06-29,1020692.900101826,0.0,1020692.900101826
2023-06-30,1020692.900101826,0.0,1020692.900101826
2023-07-03,1020692.900101826,0.0,1020692.900101826
2023-07-04,14703.787070678198,1004055.5906295776,1018759.3777002558
2023-07-05,14703.787070678198,1000498.7335205078,1015202.520591186
2023-07-06,14703.787070678198,990336.16065979,1005039.9477304682
2023-07-07,991063.4307145756,0.0,991063.4307145756
2023-07-10,991063.4307145756,0.0,991063.4307145756
2023-07-11,991063.4307145756,0.0,991063.4307145756
2023-07-12,991063.4307145756,0.0,991063.4307145756
2023-07-13,10192.57301329053,978985.6128692627,989178.1858825532
2023-07-14,10192.57301329053,1001874.4583129883,1012067.0313262788
2023-07-17,506793.0370296964,515692.4571990967,1022485.4942287931
2023-07-18,506793.0370296964,519327.51655578613,1026120.5535854825
2023-07-19,506793.0370296964,507937.6678466797,1014730.7048763761
2023-07-20,506793.0370296964,513511.4688873291,1020304.5059170255
2023-07-21,506793.0370296964,523689.5523071289,1030482.5893368253
2023-07-24,506793.0370296964,536290.9889221191,1043084.0259518155
2023-07-25,506793.0370296964,537987.4248504639,1044780.4618801603
2023-07-26,506793.0370296964,537987.4248504639,1044780.4618801603
2023-07-27,506793.0370296964,537502.7542114258,1044295.7912411222
2023-07-28,506793.0370296964,544045.8965301514,1050838.9335598478
2023-07-31,506793.0370296964,529748.083114624,1036541.1201443204
2023-08-01,506793.0370296964,529990.3888702393,1036783.4258999357
2023-08-02,1017294.3133684057,0.0,1017294.3133684057
2023-08-04,1017294.3133684057,0.0,1017294.3133684057
2023-08-07,1017294.3133684057,0.0,1017294.3133684057
2023-08-08,1017294.3133684057,0.0,1017294.3133684057
2023-08-09,1017294.3133684057,0.0,1017294.3133684057
2023-08-10,1017294.3133684057,0.0,1017294.3133684057
2023-08-11,1017294.3133684057,0.0,1017294.3133684057
2023-08-14,1017294.3133684057,0.0,1017294.3133684057
2023-08-15,1017294.3133684057,0.0,1017294.3133684057
2023-08-16,1017294.3133684057,0.0,1017294.3133684057
2023-08-17,1017294.3133684057,0.0,1017294.3133684057
2023-08-18,1017294.3133684057,0.0,1017294.3133684057
2023-08-21,1017294.3133684057,0.0,1017294.3133684057
2023-08-22,1017294.3133684057,0.0,1017294.3133684057
2023-08-23,1017294.3133684057,0.0,1017294.3133684057
2023-08-24,1017294.3133684057,0.0,1017294.3133684057
2023-08-25,1017294.3133684057,0.0,1017294.3133684057
2023-08-28,1017294.3133684057,0.0,1017294.3133684057
2023-08-29,1017294.3133684057,0.0,1017294.3133684057
2023-08-30,1017294.3133684057,0.0,1017294.3133684057
2023-08-31,1017294.3133684057,0.0,1017294.3133684057
2023-09-01,1017294.3133684057,0.0,1017294.3133684057
2023-09-04,1017294.3133684057,0.0,1017294.3133684057
2023-09-05,1017294.3133684057,0.0,1017294.3133684057
2023-09-06,1017294.3133684057,0.0,1017294.3133684057
2023-09-07,1017294.3133684057,0.0,1017294.3133684057
2023-09-08,1017294.3133684057,0.0,1017294.3133684057
2023-09-11,1017294.3133684057,0.0,1017294.3133684057
2023-09-12,1017294.3133684057,0.0,1017294.3133684057
2023-09-13,1017294.3133684057,0.0,1017294.3133684057
2023-09-14,1017294.3133684057,0.0,1017294.3133684057
2023-09-15,1017294.3133684057,0.0,1017294.3133684057
2023-09-18,1017294.3133684057,0.0,1017294.3133684057
2023-09-19,1017294.3133684057,0.0,1017294.3133684057
2023-09-20,1017294.3133684057,0.0,1017294.3133684057
2023-09-21,1017294.3133684057,0.0,1017294.3133684057
2023-09-22,1017294.3133684057,0.0,1017294.3133684057
2023-09-25,1017294.3133684057,0.0,1017294.3133684057
2023-09-26,1017294.3133684057,0.0,1017294.3133684057
2023-09-27,1017294.3133684057,0.0,1017294.3133684057
2023-09-28,1017294.3133684057,0.0,1017294.3133684057
2023-10-02,1017294.3133684057,0.0,1017294.3133684057
2023-10-03,1017294.3133684057,0.0,1017294.3133684057
2023-10-04,1017294.3133684057,0.0,1017294.3133684057
2023-10-05,1017294.3133684057,0.0,1017294.3133684057
2023-10-06,1017294.3133684057,0.0,1017294.3133684057
2023-10-11,1017294.3133684057,0.0,1017294.3133684057
2023-10-12,1017294.3133684057,0.0,1017294.3133684057
2023-10-13,1017294.3133684057,0.0,1017294.3133684057
2023-10-16,1017294.3133684057,0.0,1017294.3133684057
2023-10-17,1017294.3133684057,0.0,1017294.3133684057
2023-10-18,1017294.3133684057,0.0,1017294.3133684057
2023-10-19,1017294.3133684057,0.0,1017294.3133684057
2023-10-20,1017294.3133684057,0.0,1017294.3133684057
2023-10-23,1017294.3133684057,0.0,1017294.3133684057
2023-10-24,1017294.3133684057,0.0,1017294.3133684057
2023-10-25,1017294.3133684057,0.0,1017294.3133684057
2023-10-26,1017294.3133684057,0.0,1017294.3133684057
2023-10-27,1017294.3133684057,0.0,1017294.3133684057
2023-10-30,1017294.3133684057,0.0,1017294.3133684057
2023-10-31,1017294.3133684057,0.0,1017294.3133684057
2023-11-01,1017294.3133684057,0.0,1017294.3133684057
2023-11-02,1017294.3133684057,0.0,1017294.3133684057
2023-11-03,1017294.3133684057,0.0,1017294.3133684057
2023-11-06,1017294.3133684057,0.0,1017294.3133684057
2023-11-07,1017294.3133684057,0.0,1017294.3133684057
2023-11-08,1017294.3133684057,0.0,1017294.3133684057
2023-11-09,1017294.3133684057,0.0,1017294.3133684057
2023-11-10,1017294.3133684057,0.0,1017294.3133684057
2023-11-13,1017294.3133684057,0.0,1017294.3133684057
2023-11-14,1017294.3133684057,0.0,1017294.3133684057
2023-11-15,1017294.3133684057,0.0,1017294.3133684057
2023-11-16,1017294.3133684057,0.0,1017294.3133684057
2023-11-17,1017294.3133684057,0.0,1017294.3133684057
2023-11-20,1017294.3133684057,0.0,1017294.3133684057
2023-11-21,1017294.3133684057,0.0,1017294.3133684057
2023-11-22,1017294.3133684057,0.0,1017294.3133684057
2023-11-23,1017294.3133684057,0.0,1017294.3133684057
2023-11-24,1017294.3133684057,0.0,1017294.3133684057
2023-11-27,1017294.3133684057,0.0,1017294.3133684057
2023-11-28,1017294.3133684057,0.0,1017294.3133684057
2023-11-29,1017294.3133684057,0.0,1017294.3133684057
2023-11-30,1017294.3133684057,0.0,1017294.3133684057
2023-12-01,1017294.3133684057,0.0,1017294.3133684057
2023-12-04,1017294.3133684057,0.0,1017294.3133684057
2023-12-05,1017294.3133684057,0.0,1017294.3133684057
2023-12-06,1017294.3133684057,0.0,1017294.3133684057
2023-12-07,1017294.3133684057,0.0,1017294.3133684057
2023-12-08,1017294.3133684057,0.0,1017294.3133684057
2023-12-11,1017294.3133684057,0.0,1017294.3133684057
2023-12-12,1017294.3133684057,0.0,1017294.3133684057
2023-12-13,1017294.3133684057,0.0,1017294.3133684057
2023-12-14,1017294.3133684057,0.0,1017294.3133684057
2023-12-15,1017294.3133684057,0.0,1017294.3133684057
2023-12-18,1017294.3133684057,0.0,1017294.3133684057
2023-12-19,1017294.3133684057,0.0,1017294.3133684057
2023-12-20,1017294.3133684057,0.0,1017294.3133684057
2023-12-21,1017294.3133684057,0.0,1017294.3133684057
2023-12-22,1017294.3133684057,0.0,1017294.3133684057
2023-12-25,1017294.3133684057,0.0,1017294.3133684057
2023-12-26,1017294.3133684057,0.0,1017294.3133684057
2023-12-27,12706.622256631847,1002656.8622589111,1015363.484515543
2023-12-28,12706.622256631847,1003117.6128387451,1015824.235095377
2023-12-29,12706.622256631847,1004499.9732971191,1017206.595553751
2024-01-02,12706.622256631847,993441.198348999,1006147.8206056309
2024-01-03,987043.6089249005,0.0,987043.6089249005
2024-01-04,987043.6089249005,0.0,987043.6089249005
2024-01-05,987043.6089249005,0.0,987043.6089249005
2024-01-08,987043.6089249005,0.0,987043.6089249005
2024-01-09,987043.6089249005,0.0,987043.6089249005
2024-01-10,987043.6089249005,0.0,987043.6089249005
2024-01-11,987043.6089249005,0.0,987043.6089249005
2024-01-12,987043.6089249005,0.0,987043.6089249005
2024-01-15,987043.6089249005,0.0,987043.6089249005
2024-01-16,987043.6089249005,0.0,987043.6089249005
2024-01-17,987043.6089249005,0.0,987043.6089249005
2024-01-18,987043.6089249005,0.0,987043.6089249005
2024-01-19,987043.6089249005,0.0,987043.6089249005
2024-01-22,987043.6089249005,0.0,987043.6089249005
2024-01-23,987043.6089249005,0.0,987043.6089249005
2024-01-24,987043.6089249005,0.0,987043.6089249005
2024-01-25,987043.6089249005,0.0,987043.6089249005
2024-01-26,987043.6089249005,0.0,987043.6089249005
2024-01-29,987043.6089249005,0.0,987043.6089249005
2024-01-30,987043.6089249005,0.0,987043.6089249005
2024-01-31,987043.6089249005,0.0,987043.6089249005
2024-02-01,987043.6089249005,0.0,987043.6089249005
2024-02-02,987043.6089249005,0.0,987043.6089249005
2024-02-05,987043.6089249005,0.0,987043.6089249005
2024-02-15,987043.6089249005,0.0,987043.6089249005
2024-02-16,987043.6089249005,0.0,987043.6089249005
2024-02-19,987043.6089249005,0.0,987043.6089249005
2024-02-20,987043.6089249005,0.0,987043.6089249005
2024-02-21,987043.6089249005,0.0,987043.6089249005
2024-02-22,987043.6089249005,0.0,987043.6089249005
2024-02-23,987043.6089249005,0.0,987043.6089249005
2024-02-26,987043.6089249005,0.0,987043.6089249005
2024-02-27,987043.6089249005,0.0,987043.6089249005
2024-02-29,987043.6089249005,0.0,987043.6089249005
2024-03-01,987043.6089249005,0.0,987043.6089249005
2024-03-04,987043.6089249005,0.0,987043.6089249005
2024-03-05,987043.6089249005,0.0,987043.6089249005
2024-03-06,987043.6089249005,0.0,987043.6089249005
2024-03-07,987043.6089249005,0.0,987043.6089249005
2024-03-08,987043.6089249005,0.0,987043.6089249005
2024-03-11,987043.6089249005,0.0,987043.6089249005
2024-03-12,987043.6089249005,0.0,987043.6089249005
2024-03-13,987043.6089249005,0.0,987043.6089249005
2024-03-14,987043.6089249005,0.0,987043.6089249005
2024-03-15,987043.6089249005,0.0,987043.6089249005
2024-03-18,987043.6089249005,0.0,987043.6089249005
2024-03-19,987043.6089249005,0.0,987043.6089249005
2024-03-20,987043.6089249005,0.0,987043.6089249005
2024-03-21,987043.6089249005,0.0,987043.6089249005
2024-03-22,987043.6089249005,0.0,987043.6089249005
2024-03-25,987043.6089249005,0.0,987043.6089249005
2024-03-26,987043.6089249005,0.0,987043.6089249005
2024-03-27,987043.6089249005,0.0,987043.6089249005
2024-03-28,987043.6089249005,0.0,987043.6089249005
2024-03-29,987043.6089249005,0.0,987043.6089249005
2024-04-01,987043.6089249005,0.0,987043.6089249005
2024-04-02,987043.6089249005,0.0,987043.6089249005
2024-04-03,987043.6089249005,0.0,987043.6089249005
2024-04-08,987043.6089249005,0.0,987043.6089249005
2024-04-09,987043.6089249005,0.0,987043.6089249005
2024-04-10,987043.6089249005,0.0,987043.6089249005
2024-04-11,987043.6089249005,0.0,987043.6089249005
2024-04-12,987043.6089249005,0.0,987043.6089249005
2024-04-15,987043.6089249005,0.0,987043.6089249005
2024-04-16,987043.6089249005,0.0,987043.6089249005
2024-04-17,987043.6089249005,0.0,987043.6089249005
2024-04-18,987043.6089249005,0.0,987043.6089249005
2024-04-19,987043.6089249005,0.0,987043.6089249005
2024-04-22,987043.6089249005,0.0,987043.6089249005
2024-04-23,987043.6089249005,0.0,987043.6089249005
2024-04-24,987043.6089249005,0.0,987043.6089249005
2024-04-25,987043.6089249005,0.0,987043.6089249005
2024-04-26,987043.6089249005,0.0,987043.6089249005
2024-04-29,987043.6089249005,0.0,987043.6089249005
2024-04-30,987043.6089249005,0.0,987043.6089249005
2024-05-02,987043.6089249005,0.0,987043.6089249005
2024-05-03,987043.6089249005,0.0,987043.6089249005
2024-05-06,987043.6089249005,0.0,987043.6089249005
2024-05-07,987043.6089249005,0.0,987043.6089249005
2024-05-08,987043.6089249005,0.0,987043.6089249005
2024-05-09,987043.6089249005,0.0,987043.6089249005
2024-05-10,987043.6089249005,0.0,987043.6089249005
2024-05-13,987043.6089249005,0.0,987043.6089249005
2024-05-14,987043.6089249005,0.0,987043.6089249005
2024-05-15,987043.6089249005,0.0,987043.6089249005
2024-05-16,987043.6089249005,0.0,987043.6089249005
2024-05-17,987043.6089249005,0.0,987043.6089249005
2024-05-20,987043.6089249005,0.0,987043.6089249005
2024-05-21,987043.6089249005,0.0,987043.6089249005
2024-05-22,987043.6089249005,0.0,987043.6089249005
2024-05-23,987043.6089249005,0.0,987043.6089249005
2024-05-24,987043.6089249005,0.0,987043.6089249005
2024-05-27,987043.6089249005,0.0,987043.6089249005
2024-05-28,987043.6089249005,0.0,987043.6089249005
2024-05-29,987043.6089249005,0.0,987043.6089249005
2024-05-30,987043.6089249005,0.0,987043.6089249005
2024-05-31,987043.6089249005,0.0,987043.6089249005
2024-06-03,987043.6089249005,0.0,987043.6089249005
2024-06-04,987043.6089249005,0.0,987043.6089249005
2024-06-05,987043.6089249005,0.0,987043.6089249005
2024-06-06,987043.6089249005,0.0,987043.6089249005
2024-06-07,987043.6089249005,0.0,987043.6089249005
2024-06-11,987043.6089249005,0.0,987043.6089249005
2024-06-12,987043.6089249005,0.0,987043.6089249005
2024-06-13,987043.6089249005,0.0,987043.6089249005
2024-06-14,987043.6089249005,0.0,987043.6089249005
2024-06-17,987043.6089249005,0.0,987043.6089249005
2024-06-18,987043.6089249005,0.0,987043.6089249005
2024-06-19,2814.3791277899873,982337.5301361084,985151.9092638984
2024-06-20,2814.3791277899873,988521.0361480713,991335.4152758613
2024-06-21,2814.3791277899873,983162.1284484863,985976.5075762763
2024-06-24,2814.3791277899873,976566.370010376,979380.749138166
2024-06-25,2814.3791277899873,974093.1358337402,976907.5149615302
2024-06-26,2814.3791277899873,972856.4720153809,975670.8511431708
2024-06-27,2814.3791277899873,969970.7984924316,972785.1776202216
2024-06-28,2814.3791277899873,976566.370010376,979380.749138166
2024-07-01,2814.3791277899873,984398.7922668457,987213.1713946357
2024-07-02,2814.3791277899873,981925.371170044,984739.7502978339
2024-07-03,2814.3791277899873,987696.5312957764,990510.9104235664
2024-07-04,2814.3791277899873,993467.8783416748,996282.2574694648
2024-07-05,489024.5985755115,508974.552154541,997999.1507300525
2024-07-08,489024.5985755115,512129.25910949707,1001153.8576850086
2024-07-09,489024.5985755115,511919.0216064453,1000943.6201819568
2024-07-10,489024.5985755115,512339.59197998047,1001364.190555492
2024-07-11,489024.5985755115,516966.67671203613,1005991.2752875476
2024-07-12,489024.5985755115,513180.8280944824,1002205.4266699939
2024-07-15,489024.5985755115,512970.54290771484,1001995.1414832263
2024-07-16,489024.5985755115,511919.0216064453,1000943.6201819568
2024-07-17,489024.5985755115,508974.552154541,997999.1507300525
2024-07-18,990679.9731432551,0.0,990679.9731432551
2024-07-19,990679.9731432551,0.0,990679.9731432551
2024-07-22,990679.9731432551,0.0,990679.9731432551
2024-07-23,990679.9731432551,0.0,990679.9731432551
2024-07-26,990679.9731432551,0.0,990679.9731432551
2024-07-29,990679.9731432551,0.0,990679.9731432551
2024-07-30,990679.9731432551,0.0,990679.9731432551
2024-07-31,990679.9731432551,0.0,990679.9731432551
2024-08-01,990679.9731432551,0.0,990679.9731432551
2024-08-02,990679.9731432551,0.0,990679.9731432551
2024-08-05,990679.9731432551,0.0,990679.9731432551
2024-08-06,990679.9731432551,0.0,990679.9731432551
2024-08-07,990679.9731432551,0.0,990679.9731432551
2024-08-08,990679.9731432551,0.0,990679.9731432551
2024-08-09,990679.9731432551,0.0,990679.9731432551
2024-08-12,990679.9731432551,0.0,990679.9731432551
2024-08-13,990679.9731432551,0.0,990679.9731432551
2024-08-14,990679.9731432551,0.0,990679.9731432551
2024-08-15,990679.9731432551,0.0,990679.9731432551
2024-08-16,990679.9731432551,0.0,990679.9731432551
2024-08-19,990679.9731432551,0.0,990679.9731432551
2024-08-20,990679.9731432551,0.0,990679.9731432551
2024-08-21,990679.9731432551,0.0,990679.9731432551
2024-08-22,990679.9731432551,0.0,990679.9731432551
2024-08-23,990679.9731432551,0.0,990679.9731432551
2024-08-26,990679.9731432551,0.0,990679.9731432551
2024-08-27,990679.9731432551,0.0,990679.9731432551
2024-08-28,990679.9731432551,0.0,990679.9731432551
2024-08-29,990679.9731432551,0.0,990679.9731432551
2024-08-30,990679.9731432551,0.0,990679.9731432551
2024-09-02,990679.9731432551,0.0,990679.9731432551
2024-09-03,990679.9731432551,0.0,990679.9731432551
2024-09-04,990679.9731432551,0.0,990679.9731432551
2024-09-05,990679.9731432551,0.0,990679.9731432551
2024-09-06,990679.9731432551,0.0,990679.9731432551
2024-09-09,990679.9731432551,0.0,990679.9731432551
2024-09-10,990679.9731432551,0.0,990679.9731432551
2024-09-11,990679.9731432551,0.0,990679.9731432551
2024-09-12,990679.9731432551,0.0,990679.9731432551
2024-09-13,990679.9731432551,0.0,990679.9731432551
2024-09-16,990679.9731432551,0.0,990679.9731432551
2024-09-18,990679.9731432551,0.0,990679.9731432551
2024-09-19,990679.9731432551,0.0,990679.9731432551
2024-09-20,990679.9731432551,0.0,990679.9731432551
2024-09-23,990679.9731432551,0.0,990679.9731432551
2024-09-24,990679.9731432551,0.0,990679.9731432551
2024-09-25,990679.9731432551,0.0,990679.9731432551
2024-09-26,990679.9731432551,0.0,990679.9731432551
2024-09-27,990679.9731432551,0.0,990679.9731432551
2024-09-30,990679.9731432551,0.0,990679.9731432551
2024-10-01,990679.9731432551,0.0,990679.9731432551
2024-10-04,990679.9731432551,0.0,990679.9731432551
2024-10-07,990679.9731432551,0.0,990679.9731432551
2024-10-08,990679.9731432551,0.0,990679.9731432551
2024-10-09,990679.9731432551,0.0,990679.9731432551
2024-10-11,990679.9731432551,0.0,990679.9731432551
2024-10-14,990679.9731432551,0.0,990679.9731432551
2024-10-15,990679.9731432551,0.0,990679.9731432551
2024-10-16,990679.9731432551,0.0,990679.9731432551
2024-10-17,990679.9731432551,0.0,990679.9731432551
2024-10-18,990679.9731432551,0.0,990679.9731432551
2024-10-21,990679.9731432551,0.0,990679.9731432551
2024-10-22,990679.9731432551,0.0,990679.9731432551
2024-10-23,990679.9731432551,0.0,990679.9731432551
2024-10-24,990679.9731432551,0.0,990679.9731432551
2024-10-25,990679.9731432551,0.0,990679.9731432551
2024-10-28,990679.9731432551,0.0,990679.9731432551
2024-10-29,990679.9731432551,0.0,990679.9731432551
2024-10-30,990679.9731432551,0.0,990679.9731432551
2024-11-01,990679.9731432551,0.0,990679.9731432551
2024-11-04,990679.9731432551,0.0,990679.9731432551
2024-11-05,990679.9731432551,0.0,990679.9731432551
2024-11-06,990679.9731432551,0.0,990679.9731432551
2024-11-07,990679.9731432551,0.0,990679.9731432551
2024-11-08,990679.9731432551,0.0,990679.9731432551
2024-11-11,990679.9731432551,0.0,990679.9731432551
2024-11-12,990679.9731432551,0.0,990679.9731432551
2024-11-13,990679.9731432551,0.0,990679.9731432551
2024-11-14,990679.9731432551,0.0,990679.9731432551
2024-11-15,990679.9731432551,0.0,990679.9731432551
2024-11-18,990679.9731432551,0.0,990679.9731432551
2024-11-19,990679.9731432551,0.0,990679.9731432551
2024-11-20,990679.9731432551,0.0,990679.9731432551
2024-11-21,990679.9731432551,0.0,990679.9731432551
2024-11-22,990679.9731432551,0.0,990679.9731432551
2024-11-25,990679.9731432551,0.0,990679.9731432551
2024-11-26,990679.9731432551,0.0,990679.9731432551
2024-11-27,990679.9731432551,0.0,990679.9731432551
2024-11-28,990679.9731432551,0.0,990679.9731432551
2024-11-29,990679.9731432551,0.0,990679.9731432551
2024-12-02,990679.9731432551,0.0,990679.9731432551
2024-12-03,990679.9731432551,0.0,990679.9731432551
2024-12-04,990679.9731432551,0.0,990679.9731432551
2024-12-05,990679.9731432551,0.0,990679.9731432551
2024-12-06,990679.9731432551,0.0,990679.9731432551
2024-12-09,990679.9731432551,0.0,990679.9731432551
2024-12-10,990679.9731432551,0.0,990679.9731432551
2024-12-11,990679.9731432551,0.0,990679.9731432551
2024-12-12,990679.9731432551,0.0,990679.9731432551
2024-12-13,990679.9731432551,0.0,990679.9731432551
2024-12-16,990679.9731432551,0.0,990679.9731432551
2024-12-17,990679.9731432551,0.0,990679.9731432551
2024-12-18,990679.9731432551,0.0,990679.9731432551
2024-12-19,990679.9731432551,0.0,990679.9731432551
2024-12-20,990679.9731432551,0.0,990679.9731432551
2024-12-23,990679.9731432551,0.0,990679.9731432551
2024-12-24,990679.9731432551,0.0,990679.9731432551
2024-12-25,990679.9731432551,0.0,990679.9731432551
2024-12-26,990679.9731432551,0.0,990679.9731432551
2024-12-27,990679.9731432551,0.0,990679.9731432551
2024-12-30,990679.9731432551,0.0,990679.9731432551
2024-12-31,990679.9731432551,0.0,990679.9731432551
2025-01-02,990679.9731432551,0.0,990679.9731432551
2025-01-03,990679.9731432551,0.0,990679.9731432551
2025-01-06,990679.9731432551,0.0,990679.9731432551
2025-01-07,990679.9731432551,0.0,990679.9731432551
2025-01-08,990679.9731432551,0.0,990679.9731432551
2025-01-09,990679.9731432551,0.0,990679.9731432551
2025-01-10,990679.9731432551,0.0,990679.9731432551
2025-01-13,990679.9731432551,0.0,990679.9731432551
2025-01-14,990679.9731432551,0.0,990679.9731432551
2025-01-15,990679.9731432551,0.0,990679.9731432551
2025-01-16,990679.9731432551,0.0,990679.9731432551
2025-01-17,990679.9731432551,0.0,990679.9731432551
2025-01-20,990679.9731432551,0.0,990679.9731432551
2025-01-21,990679.9731432551,0.0,990679.9731432551
2025-01-22,990679.9731432551,0.0,990679.9731432551
2025-02-03,990679.9731432551,0.0,990679.9731432551
2025-02-04,990679.9731432551,0.0,990679.9731432551
2025-02-05,990679.9731432551,0.0,990679.9731432551
2025-02-06,990679.9731432551,0.0,990679.9731432551
2025-02-07,990679.9731432551,0.0,990679.9731432551
2025-02-10,990679.9731432551,0.0,990679.9731432551
2025-02-11,990679.9731432551,0.0,990679.9731432551
2025-02-12,990679.9731432551,0.0,990679.9731432551
2025-02-13,990679.9731432551,0.0,990679.9731432551
2025-02-14,990679.9731432551,0.0,990679.9731432551
2025-02-17,990679.9731432551,0.0,990679.9731432551
2025-02-18,990679.9731432551,0.0,990679.9731432551
2025-02-19,990679.9731432551,0.0,990679.9731432551
2025-02-20,990679.9731432551,0.0,990679.9731432551
2025-02-21,990679.9731432551,0.0,990679.9731432551
2025-02-24,990679.9731432551,0.0,990679.9731432551
2025-02-25,990679.9731432551,0.0,990679.9731432551
2025-02-26,990679.9731432551,0.0,990679.9731432551
2025-02-27,990679.9731432551,0.0,990679.9731432551
2025-03-03,990679.9731432551,0.0,990679.9731432551
2025-03-04,990679.9731432551,0.0,990679.9731432551
2025-03-05,990679.9731432551,0.0,990679.9731432551
2025-03-06,990679.9731432551,0.0,990679.9731432551
2025-03-07,990679.9731432551,0.0,990679.9731432551
2025-03-10,990679.9731432551,0.0,990679.9731432551
2025-03-11,990679.9731432551,0.0,990679.9731432551
2025-03-12,990679.9731432551,0.0,990679.9731432551
2025-03-13,990679.9731432551,0.0,990679.9731432551
2025-03-14,990679.9731432551,0.0,990679.9731432551
2025-03-17,990679.9731432551,0.0,990679.9731432551
2025-03-18,990679.9731432551,0.0,990679.9731432551
2025-03-19,990679.9731432551,0.0,990679.9731432551
2025-03-20,990679.9731432551,0.0,990679.9731432551
2025-03-21,990679.9731432551,0.0,990679.9731432551
2025-03-24,990679.9731432551,0.0,990679.9731432551
2025-03-25,990679.9731432551,0.0,990679.9731432551
2025-03-26,990679.9731432551,0.0,990679.9731432551
2025-03-27,990679.9731432551,0.0,990679.9731432551
2025-03-28,990679.9731432551,0.0,990679.9731432551
2025-03-31,990679.9731432551,0.0,990679.9731432551
2025-04-01,990679.9731432551,0.0,990679.9731432551
2025-04-02,990679.9731432551,0.0,990679.9731432551
2025-04-07,990679.9731432551,0.0,990679.9731432551
2025-04-08,990679.9731432551,0.0,990679.9731432551
2025-04-09,990679.9731432551,0.0,990679.9731432551
2025-04-10,990679.9731432551,0.0,990679.9731432551
2025-04-11,990679.9731432551,0.0,990679.9731432551
2025-04-14,990679.9731432551,0.0,990679.9731432551
2025-04-15,990679.9731432551,0.0,990679.9731432551
2025-04-16,990679.9731432551,0.0,990679.9731432551
2025-04-17,990679.9731432551,0.0,990679.9731432551
2025-04-18,990679.9731432551,0.0,990679.9731432551
2025-04-21,990679.9731432551,0.0,990679.9731432551
2025-04-22,990679.9731432551,0.0,990679.9731432551
2025-04-23,990679.9731432551,0.0,990679.9731432551
2025-04-24,990679.9731432551,0.0,990679.9731432551
2025-04-25,990679.9731432551,0.0,990679.9731432551
2025-04-28,990679.9731432551,0.0,990679.9731432551
2025-04-29,990679.9731432551,0.0,990679.9731432551
2025-04-30,990679.9731432551,0.0,990679.9731432551
2025-05-02,990679.9731432551,0.0,990679.9731432551
2025-05-05,990679.9731432551,0.0,990679.9731432551
2025-05-06,990679.9731432551,0.0,990679.9731432551
2025-05-07,990679.9731432551,0.0,990679.9731432551
2025-05-08,990679.9731432551,0.0,990679.9731432551
2025-05-09,990679.9731432551,0.0,990679.9731432551
2025-05-12,990679.9731432551,0.0,990679.9731432551
2025-05-13,990679.9731432551,0.0,990679.9731432551
2025-05-14,990679.9731432551,0.0,990679.9731432551
2025-05-15,990679.9731432551,0.0,990679.9731432551
2025-05-16,990679.9731432551,0.0,990679.9731432551
2025-05-19,990679.9731432551,0.0,990679.9731432551
2025-05-20,990679.9731432551,0.0,990679.9731432551
2025-05-21,990679.9731432551,0.0,990679.9731432551
2025-05-22,990679.9731432551,0.0,990679.9731432551
2025-05-23,990679.9731432551,0.0,990679.9731432551
2025-05-26,990679.9731432551,0.0,990679.9731432551
2025-05-27,990679.9731432551,0.0,990679.9731432551
2025-05-28,990679.9731432551,0.0,990679.9731432551
2025-05-29,990679.9731432551,0.0,990679.9731432551
2025-06-02,990679.9731432551,0.0,990679.9731432551
2025-06-03,990679.9731432551,0.0,990679.9731432551
2025-06-04,990679.9731432551,0.0,990679.9731432551
2025-06-05,990679.9731432551,0.0,990679.9731432551
2025-06-06,990679.9731432551,0.0,990679.9731432551
2025-06-09,990679.9731432551,0.0,990679.9731432551
2025-06-10,990679.9731432551,0.0,990679.9731432551
2025-06-11,990679.9731432551,0.0,990679.9731432551
2025-06-12,990679.9731432551,0.0,990679.9731432551
2025-06-13,990679.9731432551,0.0,990679.9731432551
2025-06-16,990679.9731432551,0.0,990679.9731432551
2025-06-17,990679.9731432551,0.0,990679.9731432551
2025-06-18,990679.9731432551,0.0,990679.9731432551
2025-06-19,990679.9731432551,0.0,990679.9731432551
2025-06-20,990679.9731432551,0.0,990679.9731432551
2025-06-23,990679.9731432551,0.0,990679.9731432551
2025-06-24,990679.9731432551,0.0,990679.9731432551
2025-06-25,990679.9731432551,0.0,990679.9731432551
2025-06-26,990679.9731432551,0.0,990679.9731432551
2025-06-27,990679.9731432551,0.0,990679.9731432551
2025-06-30,990679.9731432551,0.0,990679.9731432551
2025-07-01,990679.9731432551,0.0,990679.9731432551
2025-07-02,990679.9731432551,0.0,990679.9731432551
2025-07-03,990679.9731432551,0.0,990679.9731432551
2025-07-04,990679.9731432551,0.0,990679.9731432551
2025-07-07,990679.9731432551,0.0,990679.9731432551
2025-07-08,990679.9731432551,0.0,990679.9731432551
2025-07-09,990679.9731432551,0.0,990679.9731432551
2025-07-10,990679.9731432551,0.0,990679.9731432551
2025-07-11,990679.9731432551,0.0,990679.9731432551
2025-07-14,990679.9731432551,0.0,990679.9731432551
2025-07-15,990679.9731432551,0.0,990679.9731432551
2025-07-16,990679.9731432551,0.0,990679.9731432551
2025-07-17,990679.9731432551,0.0,990679.9731432551
2025-07-18,990679.9731432551,0.0,990679.9731432551
2025-07-21,990679.9731432551,0.0,990679.9731432551
2025-07-22,990679.9731432551,0.0,990679.9731432551
2025-07-23,990679.9731432551,0.0,990679.9731432551
2025-07-24,990679.9731432551,0.0,990679.9731432551
2025-07-25,990679.9731432551,0.0,990679.9731432551
2025-07-28,990679.9731432551,0.0,990679.9731432551
2025-07-29,990679.9731432551,0.0,990679.9731432551
2025-07-30,990679.9731432551,0.0,990679.9731432551
2025-07-31,990679.9731432551,0.0,990679.9731432551
2025-08-01,990679.9731432551,0.0,990679.9731432551
2025-08-04,990679.9731432551,0.0,990679.9731432551
2025-08-05,990679.9731432551,0.0,990679.9731432551
2025-08-06,990679.9731432551,0.0,990679.9731432551
2025-08-07,990679.9731432551,0.0,990679.9731432551
2025-08-08,990679.9731432551,0.0,990679.9731432551
2025-08-11,990679.9731432551,0.0,990679.9731432551
2025-08-12,990679.9731432551,0.0,990679.9731432551
2025-08-13,990679.9731432551,0.0,990679.9731432551
2025-08-14,990679.9731432551,0.0,990679.9731432551
2025-08-15,990679.9731432551,0.0,990679.9731432551
2025-08-18,990679.9731432551,0.0,990679.9731432551
2025-08-19,990679.9731432551,0.0,990679.9731432551
2025-08-20,990679.9731432551,0.0,990679.9731432551
2025-08-21,990679.9731432551,0.0,990679.9731432551
2025-08-22,990679.9731432551,0.0,990679.9731432551
2025-08-25,990679.9731432551,0.0,990679.9731432551
2025-08-26,990679.9731432551,0.0,990679.9731432551
2025-08-27,990679.9731432551,0.0,990679.9731432551
2025-08-28,990679.9731432551,0.0,990679.9731432551
2025-08-29,990679.9731432551,0.0,990679.9731432551
2025-09-01,990679.9731432551,0.0,990679.9731432551
2025-09-02,990679.9731432551,0.0,990679.9731432551
2025-09-03,990679.9731432551,0.0,990679.9731432551
2025-09-04,990679.9731432551,0.0,990679.9731432551
2025-09-05,990679.9731432551,0.0,990679.9731432551
2025-09-08,990679.9731432551,0.0,990679.9731432551
2025-09-09,13927.097617629217,974875.545501709,988802.6431193382
2025-09-10,13927.097617629217,980521.6789245605,994448.7765421898
2025-09-11,13927.097617629217,980992.2218322754,994919.3194499046
2025-09-12,505519.9197555972,494024.80125427246,999544.7210098696
2025-09-15,505519.9197555972,495201.06315612793,1000720.9829117251
2025-09-16,505519.9197555972,497083.044052124,1002602.9638077212
2025-09-17,505519.9197555972,494730.6156158447,1000250.5353714419
2025-09-18,505519.9197555972,496612.5965118408,1002132.516267438
2025-09-19,505519.9197555972,499906.1107635498,1005426.0305191469
2025-09-22,505519.9197555972,502964.30587768555,1008484.2256332827
2025-09-23,505519.9197555972,504140.567779541,1009660.4875351381
2025-09-24,505519.9197555972,502964.30587768555,1008484.2256332827
2025-09-25,505519.9197555972,502964.30587768555,1008484.2256332827
2025-09-26,505519.9197555972,499435.52017211914,1004955.4399277163
2025-09-30,505519.9197555972,502493.85833740234,1008013.7780929995
2025-10-01,505519.9197555972,499435.52017211914,1004955.4399277163
2025-10-02,505519.9197555972,499670.8393096924,1005190.7590652895
2025-10-03,505519.9197555972,500376.6059875488,1005896.525743146
2025-10-07,505519.9197555972,505081.55822753906,1010601.4779831362
2025-10-08,505519.9197555972,505552.1011352539,1011072.020890851
2025-10-09,505519.9197555972,506257.82012939453,1011777.7398849917
2025-10-13,505519.9197555972,501317.5964355469,1006837.516191144
2025-10-14,505519.9197555972,498729.8011779785,1004249.7209335756
2025-10-15,505519.9197555972,498494.5774078369,1004014.497163434
2025-10-16,505519.9197555972,502258.5868835449,1007778.506639142
2025-10-17,505519.9197555972,502493.85833740234,1008013.7780929995
2025-10-20,505519.9197555972,504846.33445739746,1010366.2542129946
2025-10-21,505519.9197555972,505787.3249053955,1011307.2446609926
2025-10-22,505519.9197555972,506257.82012939453,1011777.7398849917
2025-10-23,505519.9197555972,506022.5486755371,1011542.4684311342
2025-10-27,505519.9197555972,511198.091506958,1016718.0112625551
2025-10-28,505519.9197555972,509551.3343811035,1015071.2541367006
2025-10-29,505519.9197555972,511903.81050109863,1017423.7302566958
2025-10-30,505519.9197555972,511668.58673095703,1017188.5064865542
2025-10-31,505519.9197555972,510962.8200531006,1016482.7398086977
2025-11-03,505519.9197555972,510257.1487426758,1015777.0684982729
2025-11-04,505519.9197555972,507434.08203125,1012954.0017868471
2025-11-05,505519.9197555972,504846.33445739746,1010366.2542129946
2025-11-06,505519.9197555972,506963.53912353516,1012483.4588791323
2025-11-07,1004837.8152698725,0.0,1004837.8152698725
2025-11-10,1004837.8152698725,0.0,1004837.8152698725
2025-11-11,1004837.8152698725,0.0,1004837.8152698725
2025-11-12,1004837.8152698725,0.0,1004837.8152698725
2025-11-13,1004837.8152698725,0.0,1004837.8152698725
2025-11-14,1004837.8152698725,0.0,1004837.8152698725
2025-11-17,1004837.8152698725,0.0,1004837.8152698725
2025-11-18,1004837.8152698725,0.0,1004837.8152698725
2025-11-19,1004837.8152698725,0.0,1004837.8152698725
2025-11-20,1004837.8152698725,0.0,1004837.8152698725
2025-11-21,1004837.8152698725,0.0,1004837.8152698725
2025-11-24,1004837.8152698725,0.0,1004837.8152698725
2025-11-25,1004837.8152698725,0.0,1004837.8152698725
2025-11-26,1004837.8152698725,0.0,1004837.8152698725
2025-11-27,1004837.8152698725,0.0,1004837.8152698725
2025-11-28,1004837.8152698725,0.0,1004837.8152698725
2025-12-01,1004837.8152698725,0.0,1004837.8152698725
2025-12-02,1004837.8152698725,0.0,1004837.8152698725
2025-12-03,1004837.8152698725,0.0,1004837.8152698725
2025-12-04,1004837.8152698725,0.0,1004837.8152698725
2025-12-05,1004837.8152698725,0.0,1004837.8152698725
2025-12-08,1004837.8152698725,0.0,1004837.8152698725
2025-12-09,1004837.8152698725,0.0,1004837.8152698725
2025-12-10,1004837.8152698725,0.0,1004837.8152698725
2025-12-11,1004837.8152698725,0.0,1004837.8152698725
2025-12-12,1004837.8152698725,0.0,1004837.8152698725
2025-12-15,1004837.8152698725,0.0,1004837.8152698725
2025-12-16,1004837.8152698725,0.0,1004837.8152698725
2025-12-17,1004837.8152698725,0.0,1004837.8152698725
2025-12-18,1004837.8152698725,0.0,1004837.8152698725
2025-12-19,1004837.8152698725,0.0,1004837.8152698725
2025-12-22,1004837.8152698725,0.0,1004837.8152698725
2025-12-23,1004837.8152698725,0.0,1004837.8152698725
2025-12-24,1004837.8152698725,0.0,1004837.8152698725
2025-12-26,1004837.8152698725,0.0,1004837.8152698725
2025-12-29,1004837.8152698725,0.0,1004837.8152698725
2025-12-30,1004837.8152698725,0.0,1004837.8152698725
2025-12-31,1004837.8152698725,0.0,1004837.8152698725
2026-01-02,1004837.8152698725,0.0,1004837.8152698725
2026-01-05,1004837.8152698725,0.0,1004837.8152698725
2026-01-06,1004837.8152698725,0.0,1004837.8152698725
2026-01-07,1004837.8152698725,0.0,1004837.8152698725
2026-01-08,1004837.8152698725,0.0,1004837.8152698725
2026-01-09,1004837.8152698725,0.0,1004837.8152698725
2026-01-12,1004837.8152698725,0.0,1004837.8152698725
2026-01-13,1004837.8152698725,0.0,1004837.8152698725
2026-01-14,1004837.8152698725,0.0,1004837.8152698725
2026-01-15,1004837.8152698725,0.0,1004837.8152698725
2026-01-16,1004837.8152698725,0.0,1004837.8152698725
2026-01-19,18397.17798766785,984544.6872711182,1002941.865258786
2026-01-20,18397.17798766785,985839.5290374756,1004236.7070251434
2026-01-21,18397.17798766785,978070.2209472656,996467.3989349335
2026-01-22,18397.17798766785,987566.0133361816,1005963.1913238495
2026-01-23,18397.17798766785,991882.3528289795,1010279.5308166473
2026-01-26,507229.66336297704,513580.3909301758,1020810.0542931529
2026-01-27,507229.66336297704,518213.2225036621,1025442.8858666392
2026-01-28,507229.66336297704,518654.4132232666,1025884.0765862437
2026-01-29,507229.66336297704,513801.05209350586,1021030.715456483
2026-01-30,1007964.1880030405,0.0,1007964.1880030405
2026-02-02,1007964.1880030405,0.0,1007964.1880030405
2026-02-03,1007964.1880030405,0.0,1007964.1880030405
2026-02-04,1007964.1880030405,0.0,1007964.1880030405
2026-02-05,1007964.1880030405,0.0,1007964.1880030405
2026-02-06,1007964.1880030405,0.0,1007964.1880030405
2026-02-09,1007964.1880030405,0.0,1007964.1880030405
2026-02-10,1007964.1880030405,0.0,1007964.1880030405
2026-02-11,1007964.1880030405,0.0,1007964.1880030405
2026-02-23,1007964.1880030405,0.0,1007964.1880030405
2026-02-24,1007964.1880030405,0.0,1007964.1880030405
2026-02-25,1007964.1880030405,0.0,1007964.1880030405
2026-02-26,1007964.1880030405,0.0,1007964.1880030405
2026-03-02,1007964.1880030405,0.0,1007964.1880030405
2026-03-03,1007964.1880030405,0.0,1007964.1880030405
2026-03-04,1007964.1880030405,0.0,1007964.1880030405
2026-03-05,1007964.1880030405,0.0,1007964.1880030405
2026-03-06,1007964.1880030405,0.0,1007964.1880030405
2026-03-09,1007964.1880030405,0.0,1007964.1880030405
2026-03-10,1007964.1880030405,0.0,1007964.1880030405
2026-03-11,1007964.1880030405,0.0,1007964.1880030405
2026-03-12,1007964.1880030405,0.0,1007964.1880030405
2026-03-13,1007964.1880030405,0.0,1007964.1880030405
2026-03-16,1007964.1880030405,0.0,1007964.1880030405
2026-03-17,1007964.1880030405,0.0,1007964.1880030405
2026-03-18,1007964.1880030405,0.0,1007964.1880030405
2026-03-19,1007964.1880030405,0.0,1007964.1880030405
2026-03-20,1007964.1880030405,0.0,1007964.1880030405
2026-03-23,1007964.1880030405,0.0,1007964.1880030405
2026-03-24,1007964.1880030405,0.0,1007964.1880030405
2026-03-25,1007964.1880030405,0.0,1007964.1880030405
2026-03-26,1007964.1880030405,0.0,1007964.1880030405
2026-03-27,1007964.1880030405,0.0,1007964.1880030405
2026-03-30,1007964.1880030405,0.0,1007964.1880030405
2026-03-31,1007964.1880030405,0.0,1007964.1880030405
2026-04-01,1007964.1880030405,0.0,1007964.1880030405
2026-04-02,1007964.1880030405,0.0,1007964.1880030405
2026-04-07,1007964.1880030405,0.0,1007964.1880030405
2026-04-08,1007964.1880030405,0.0,1007964.1880030405
2026-04-09,1007964.1880030405,0.0,1007964.1880030405
2026-04-10,1007964.1880030405,0.0,1007964.1880030405
2026-04-13,1007964.1880030405,0.0,1007964.1880030405
2026-04-14,1007964.1880030405,0.0,1007964.1880030405
2026-04-15,1007964.1880030405,0.0,1007964.1880030405
2026-04-16,1007964.1880030405,0.0,1007964.1880030405
2026-04-17,1007964.1880030405,0.0,1007964.1880030405
2026-04-20,1007964.1880030405,0.0,1007964.1880030405
2026-04-21,1007964.1880030405,0.0,1007964.1880030405
2026-04-22,1007964.1880030405,0.0,1007964.1880030405
2026-04-23,1007964.1880030405,0.0,1007964.1880030405
2026-04-24,1007964.1880030405,0.0,1007964.1880030405
2026-04-27,1007964.1880030405,0.0,1007964.1880030405
2026-04-28,1007964.1880030405,0.0,1007964.1880030405
2026-04-29,1007964.1880030405,0.0,1007964.1880030405
2026-04-30,1007964.1880030405,0.0,1007964.1880030405
2026-05-04,1007964.1880030405,0.0,1007964.1880030405
2026-05-05,1007964.1880030405,0.0,1007964.1880030405
2026-05-06,1007964.1880030405,0.0,1007964.1880030405
2026-05-07,1007964.1880030405,0.0,1007964.1880030405
2026-05-08,1007964.1880030405,0.0,1007964.1880030405
2026-05-11,1007964.1880030405,0.0,1007964.1880030405
2026-05-12,1007964.1880030405,0.0,1007964.1880030405
2026-05-13,1007964.1880030405,0.0,1007964.1880030405
2026-05-14,1007964.1880030405,0.0,1007964.1880030405
2026-05-15,1007964.1880030405,0.0,1007964.1880030405
2026-05-18,1007964.1880030405,0.0,1007964.1880030405
2026-05-19,1007964.1880030405,0.0,1007964.1880030405
2026-05-20,1007964.1880030405,0.0,1007964.1880030405
2026-05-21,1007964.1880030405,0.0,1007964.1880030405
2026-05-22,1007964.1880030405,0.0,1007964.1880030405
2026-05-25,1007964.1880030405,0.0,1007964.1880030405
2026-05-26,1007964.1880030405,0.0,1007964.1880030405
2026-05-27,1007964.1880030405,0.0,1007964.1880030405
2026-05-28,1007964.1880030405,0.0,1007964.1880030405
2026-05-29,1007964.1880030405,0.0,1007964.1880030405
2026-06-01,1007964.1880030405,0.0,1007964.1880030405
2026-06-02,1007964.1880030405,0.0,1007964.1880030405
2026-06-03,1007964.1880030405,0.0,1007964.1880030405
2026-06-04,1007964.1880030405,0.0,1007964.1880030405
2026-06-05,1007964.1880030405,0.0,1007964.1880030405
2026-06-08,1007964.1880030405,0.0,1007964.1880030405
2026-06-09,1007964.1880030405,0.0,1007964.1880030405
2026-06-10,1007964.1880030405,0.0,1007964.1880030405
2026-06-12,1007964.1880030405,0.0,1007964.1880030405
